{
  "name": "core-iconset-svg",
  "private": true,
  "dependencies": {
    "polymer": "Polymer/polymer#^0.5.0",
    "core-iconset": "Polymer/core-iconset#^0.5.0"
  },
  "version": "0.5.1",
  "homepage": "https://github.com/Polymer/core-iconset-svg",
  "_release": "0.5.1",
  "_resolution": {
    "type": "version",
    "tag": "0.5.1",
    "commit": "2380338d8ed42f2df3b5f7433d853e97ae81f512"
  },
  "_source": "git://github.com/Polymer/core-iconset-svg.git",
  "_target": "^0.5.0",
  "_originalSource": "Polymer/core-iconset-svg"
}