{
  "name": "core-icons",
  "private": true,
  "dependencies": {
    "core-icon": "Polymer/core-icon#^0.5.0",
    "core-iconset-svg": "Polymer/core-iconset-svg#^0.5.0",
    "polymer": "Polymer/polymer#^0.5.0"
  },
  "version": "0.5.1",
  "homepage": "https://github.com/Polymer/core-icons",
  "_release": "0.5.1",
  "_resolution": {
    "type": "version",
    "tag": "0.5.1",
    "commit": "25efc4ae5d2250e89e9e5dc899faff8aad07c339"
  },
  "_source": "git://github.com/Polymer/core-icons.git",
  "_target": "^0.5.0",
  "_originalSource": "Polymer/core-icons"
}